﻿<?xml version="1.0" encoding="utf-8"?>
<Root>
    <GameStatistics Type="GameStatisticsManager, Assembly-CSharp, Version=0.0.0.0, Culture=neutral, PublicKeyToken=null">
        <ActiveGameStatisticsRecording Name="GameStatisticsRecording #2017'04'24 @1959'52''" IsReadOnly="False">
            <Tags>
                <TagsList Count="0" />
            </Tags>
            <Properties Null="True" />
            <Snapshots Count="1">
                <KeyValuePair Key="Turn #0">
                    <Value Name="Turn #0" IsReadOnly="False">
                        <Tags>
                            <TagsList Count="0" />
                        </Tags>
                        <Properties Count="1">
                            <KeyValuePair Key="Turn" Value="0" />
                        </Properties>
                        <Snapshots Count="17">
                            <KeyValuePair Key="Empire#0">
                                <Value Name="Empire#0" IsReadOnly="False">
                                    <Tags>
                                        <TagsList Count="0" />
                                    </Tags>
                                    <Properties Count="14">
                                        <KeyValuePair Key="GlobalScore" Value="32" />
                                        <KeyValuePair Key="AccumulatorFood" Value="0" />
                                        <KeyValuePair Key="AccumulatorIndustry" Value="0" />
                                        <KeyValuePair Key="AccumulatorMoney" Value="100" />
                                        <KeyValuePair Key="AccumulatorResearch" Value="0" />
                                        <KeyValuePair Key="AccumulatorInfluence" Value="0" />
                                        <KeyValuePair Key="PopulationScore" Value="5" />
                                        <KeyValuePair Key="ResearchScore" Value="24" />
                                        <KeyValuePair Key="TradeScore" Value="0" />
                                        <KeyValuePair Key="HappinessScore" Value="55" />
                                        <KeyValuePair Key="ExpansionScore" Value="1" />
                                        <KeyValuePair Key="HeroesScore" Value="0" />
                                        <KeyValuePair Key="MilitaryScore" Value="595" />
                                        <KeyValuePair Key="KnownSystemCount" Value="1" />
                                    </Properties>
                                    <Snapshots Null="True" />
                                </Value>
                            </KeyValuePair>
                            <KeyValuePair Key="Empire#1">
                                <Value Name="Empire#1" IsReadOnly="False">
                                    <Tags>
                                        <TagsList Count="0" />
                                    </Tags>
                                    <Properties Count="14">
                                        <KeyValuePair Key="GlobalScore" Value="37" />
                                        <KeyValuePair Key="AccumulatorFood" Value="0" />
                                        <KeyValuePair Key="AccumulatorIndustry" Value="0" />
                                        <KeyValuePair Key="AccumulatorMoney" Value="100" />
                                        <KeyValuePair Key="AccumulatorResearch" Value="0" />
                                        <KeyValuePair Key="AccumulatorInfluence" Value="0" />
                                        <KeyValuePair Key="PopulationScore" Value="5" />
                                        <KeyValuePair Key="ResearchScore" Value="26" />
                                        <KeyValuePair Key="TradeScore" Value="0" />
                                        <KeyValuePair Key="HappinessScore" Value="37" />
                                        <KeyValuePair Key="ExpansionScore" Value="1" />
                                        <KeyValuePair Key="HeroesScore" Value="2" />
                                        <KeyValuePair Key="MilitaryScore" Value="1164.73145" />
                                        <KeyValuePair Key="KnownSystemCount" Value="1" />
                                    </Properties>
                                    <Snapshots Null="True" />
                                </Value>
                            </KeyValuePair>
                            <KeyValuePair Key="Empire#2">
                                <Value Name="Empire#2" IsReadOnly="False">
                                    <Tags>
                                        <TagsList Count="0" />
                                    </Tags>
                                    <Properties Count="14">
                                        <KeyValuePair Key="GlobalScore" Value="37" />
                                        <KeyValuePair Key="AccumulatorFood" Value="0" />
                                        <KeyValuePair Key="AccumulatorIndustry" Value="0" />
                                        <KeyValuePair Key="AccumulatorMoney" Value="100" />
                                        <KeyValuePair Key="AccumulatorResearch" Value="0" />
                                        <KeyValuePair Key="AccumulatorInfluence" Value="0" />
                                        <KeyValuePair Key="PopulationScore" Value="2" />
                                        <KeyValuePair Key="ResearchScore" Value="28" />
                                        <KeyValuePair Key="TradeScore" Value="0" />
                                        <KeyValuePair Key="HappinessScore" Value="43" />
                                        <KeyValuePair Key="ExpansionScore" Value="1" />
                                        <KeyValuePair Key="HeroesScore" Value="2" />
                                        <KeyValuePair Key="MilitaryScore" Value="3756.455" />
                                        <KeyValuePair Key="KnownSystemCount" Value="1" />
                                    </Properties>
                                    <Snapshots Null="True" />
                                </Value>
                            </KeyValuePair>
                            <KeyValuePair Key="Empire#3">
                                <Value Name="Empire#3" IsReadOnly="False">
                                    <Tags>
                                        <TagsList Count="0" />
                                    </Tags>
                                    <Properties Count="14">
                                        <KeyValuePair Key="GlobalScore" Value="37" />
                                        <KeyValuePair Key="AccumulatorFood" Value="0" />
                                        <KeyValuePair Key="AccumulatorIndustry" Value="0" />
                                        <KeyValuePair Key="AccumulatorMoney" Value="300" />
                                        <KeyValuePair Key="AccumulatorResearch" Value="0" />
                                        <KeyValuePair Key="AccumulatorInfluence" Value="0" />
                                        <KeyValuePair Key="PopulationScore" Value="5" />
                                        <KeyValuePair Key="ResearchScore" Value="18" />
                                        <KeyValuePair Key="TradeScore" Value="0" />
                                        <KeyValuePair Key="HappinessScore" Value="70" />
                                        <KeyValuePair Key="ExpansionScore" Value="1" />
                                        <KeyValuePair Key="HeroesScore" Value="2" />
                                        <KeyValuePair Key="MilitaryScore" Value="825.2157" />
                                        <KeyValuePair Key="KnownSystemCount" Value="1" />
                                    </Properties>
                                    <Snapshots Null="True" />
                                </Value>
                            </KeyValuePair>
                            <KeyValuePair Key="ColonizedStarSystem#679">
                                <Value Name="ColonizedStarSystem#679" IsReadOnly="False">
                                    <Tags>
                                        <TagsList Count="0" />
                                    </Tags>
                                    <Properties Null="True" />
                                    <Snapshots Count="1">
                                        <KeyValuePair Key="GlobalRankByEmpire">
                                            <Value Name="GlobalRankByEmpire" IsReadOnly="False">
                                                <Tags>
                                                    <TagsList Count="0" />
                                                </Tags>
                                                <Properties Count="1">
                                                    <KeyValuePair Key="0" Value="0" />
                                                </Properties>
                                                <Snapshots Null="True" />
                                            </Value>
                                        </KeyValuePair>
                                    </Snapshots>
                                </Value>
                            </KeyValuePair>
                            <KeyValuePair Key="ColonizedStarSystem#682">
                                <Value Name="ColonizedStarSystem#682" IsReadOnly="False">
                                    <Tags>
                                        <TagsList Count="0" />
                                    </Tags>
                                    <Properties Null="True" />
                                    <Snapshots Count="1">
                                        <KeyValuePair Key="GlobalRankByEmpire">
                                            <Value Name="GlobalRankByEmpire" IsReadOnly="False">
                                                <Tags>
                                                    <TagsList Count="0" />
                                                </Tags>
                                                <Properties Count="1">
                                                    <KeyValuePair Key="1" Value="0" />
                                                </Properties>
                                                <Snapshots Null="True" />
                                            </Value>
                                        </KeyValuePair>
                                    </Snapshots>
                                </Value>
                            </KeyValuePair>
                            <KeyValuePair Key="ColonizedStarSystem#688">
                                <Value Name="ColonizedStarSystem#688" IsReadOnly="False">
                                    <Tags>
                                        <TagsList Count="0" />
                                    </Tags>
                                    <Properties Null="True" />
                                    <Snapshots Count="1">
                                        <KeyValuePair Key="GlobalRankByEmpire">
                                            <Value Name="GlobalRankByEmpire" IsReadOnly="False">
                                                <Tags>
                                                    <TagsList Count="0" />
                                                </Tags>
                                                <Properties Count="1">
                                                    <KeyValuePair Key="3" Value="0" />
                                                </Properties>
                                                <Snapshots Null="True" />
                                            </Value>
                                        </KeyValuePair>
                                    </Snapshots>
                                </Value>
                            </KeyValuePair>
                            <KeyValuePair Key="ColonizedStarSystem#691">
                                <Value Name="ColonizedStarSystem#691" IsReadOnly="False">
                                    <Tags>
                                        <TagsList Count="0" />
                                    </Tags>
                                    <Properties Null="True" />
                                    <Snapshots Count="1">
                                        <KeyValuePair Key="GlobalRankByEmpire">
                                            <Value Name="GlobalRankByEmpire" IsReadOnly="False">
                                                <Tags>
                                                    <TagsList Count="0" />
                                                </Tags>
                                                <Properties Count="1">
                                                    <KeyValuePair Key="4" Value="0" />
                                                </Properties>
                                                <Snapshots Null="True" />
                                            </Value>
                                        </KeyValuePair>
                                    </Snapshots>
                                </Value>
                            </KeyValuePair>
                            <KeyValuePair Key="ColonizedStarSystem#694">
                                <Value Name="ColonizedStarSystem#694" IsReadOnly="False">
                                    <Tags>
                                        <TagsList Count="0" />
                                    </Tags>
                                    <Properties Null="True" />
                                    <Snapshots Count="1">
                                        <KeyValuePair Key="GlobalRankByEmpire">
                                            <Value Name="GlobalRankByEmpire" IsReadOnly="False">
                                                <Tags>
                                                    <TagsList Count="0" />
                                                </Tags>
                                                <Properties Count="1">
                                                    <KeyValuePair Key="5" Value="0" />
                                                </Properties>
                                                <Snapshots Null="True" />
                                            </Value>
                                        </KeyValuePair>
                                    </Snapshots>
                                </Value>
                            </KeyValuePair>
                            <KeyValuePair Key="ColonizedStarSystem#697">
                                <Value Name="ColonizedStarSystem#697" IsReadOnly="False">
                                    <Tags>
                                        <TagsList Count="0" />
                                    </Tags>
                                    <Properties Null="True" />
                                    <Snapshots Count="1">
                                        <KeyValuePair Key="GlobalRankByEmpire">
                                            <Value Name="GlobalRankByEmpire" IsReadOnly="False">
                                                <Tags>
                                                    <TagsList Count="0" />
                                                </Tags>
                                                <Properties Count="1">
                                                    <KeyValuePair Key="6" Value="0" />
                                                </Properties>
                                                <Snapshots Null="True" />
                                            </Value>
                                        </KeyValuePair>
                                    </Snapshots>
                                </Value>
                            </KeyValuePair>
                            <KeyValuePair Key="ColonizedStarSystem#700">
                                <Value Name="ColonizedStarSystem#700" IsReadOnly="False">
                                    <Tags>
                                        <TagsList Count="0" />
                                    </Tags>
                                    <Properties Null="True" />
                                    <Snapshots Count="1">
                                        <KeyValuePair Key="GlobalRankByEmpire">
                                            <Value Name="GlobalRankByEmpire" IsReadOnly="False">
                                                <Tags>
                                                    <TagsList Count="0" />
                                                </Tags>
                                                <Properties Count="1">
                                                    <KeyValuePair Key="7" Value="0" />
                                                </Properties>
                                                <Snapshots Null="True" />
                                            </Value>
                                        </KeyValuePair>
                                    </Snapshots>
                                </Value>
                            </KeyValuePair>
                            <KeyValuePair Key="ColonizedStarSystem#703">
                                <Value Name="ColonizedStarSystem#703" IsReadOnly="False">
                                    <Tags>
                                        <TagsList Count="0" />
                                    </Tags>
                                    <Properties Null="True" />
                                    <Snapshots Count="1">
                                        <KeyValuePair Key="GlobalRankByEmpire">
                                            <Value Name="GlobalRankByEmpire" IsReadOnly="False">
                                                <Tags>
                                                    <TagsList Count="0" />
                                                </Tags>
                                                <Properties Count="1">
                                                    <KeyValuePair Key="8" Value="0" />
                                                </Properties>
                                                <Snapshots Null="True" />
                                            </Value>
                                        </KeyValuePair>
                                    </Snapshots>
                                </Value>
                            </KeyValuePair>
                            <KeyValuePair Key="ColonizedStarSystem#706">
                                <Value Name="ColonizedStarSystem#706" IsReadOnly="False">
                                    <Tags>
                                        <TagsList Count="0" />
                                    </Tags>
                                    <Properties Null="True" />
                                    <Snapshots Count="1">
                                        <KeyValuePair Key="GlobalRankByEmpire">
                                            <Value Name="GlobalRankByEmpire" IsReadOnly="False">
                                                <Tags>
                                                    <TagsList Count="0" />
                                                </Tags>
                                                <Properties Count="1">
                                                    <KeyValuePair Key="9" Value="0" />
                                                </Properties>
                                                <Snapshots Null="True" />
                                            </Value>
                                        </KeyValuePair>
                                    </Snapshots>
                                </Value>
                            </KeyValuePair>
                            <KeyValuePair Key="ColonizedStarSystem#709">
                                <Value Name="ColonizedStarSystem#709" IsReadOnly="False">
                                    <Tags>
                                        <TagsList Count="0" />
                                    </Tags>
                                    <Properties Null="True" />
                                    <Snapshots Count="1">
                                        <KeyValuePair Key="GlobalRankByEmpire">
                                            <Value Name="GlobalRankByEmpire" IsReadOnly="False">
                                                <Tags>
                                                    <TagsList Count="0" />
                                                </Tags>
                                                <Properties Count="1">
                                                    <KeyValuePair Key="10" Value="0" />
                                                </Properties>
                                                <Snapshots Null="True" />
                                            </Value>
                                        </KeyValuePair>
                                    </Snapshots>
                                </Value>
                            </KeyValuePair>
                            <KeyValuePair Key="ColonizedStarSystem#712">
                                <Value Name="ColonizedStarSystem#712" IsReadOnly="False">
                                    <Tags>
                                        <TagsList Count="0" />
                                    </Tags>
                                    <Properties Null="True" />
                                    <Snapshots Count="1">
                                        <KeyValuePair Key="GlobalRankByEmpire">
                                            <Value Name="GlobalRankByEmpire" IsReadOnly="False">
                                                <Tags>
                                                    <TagsList Count="0" />
                                                </Tags>
                                                <Properties Count="1">
                                                    <KeyValuePair Key="11" Value="0" />
                                                </Properties>
                                                <Snapshots Null="True" />
                                            </Value>
                                        </KeyValuePair>
                                    </Snapshots>
                                </Value>
                            </KeyValuePair>
                            <KeyValuePair Key="ColonizedStarSystem#715">
                                <Value Name="ColonizedStarSystem#715" IsReadOnly="False">
                                    <Tags>
                                        <TagsList Count="0" />
                                    </Tags>
                                    <Properties Null="True" />
                                    <Snapshots Count="1">
                                        <KeyValuePair Key="GlobalRankByEmpire">
                                            <Value Name="GlobalRankByEmpire" IsReadOnly="False">
                                                <Tags>
                                                    <TagsList Count="0" />
                                                </Tags>
                                                <Properties Count="1">
                                                    <KeyValuePair Key="12" Value="0" />
                                                </Properties>
                                                <Snapshots Null="True" />
                                            </Value>
                                        </KeyValuePair>
                                    </Snapshots>
                                </Value>
                            </KeyValuePair>
                            <KeyValuePair Key="ColonizedStarSystem#1164">
                                <Value Name="ColonizedStarSystem#1164" IsReadOnly="False">
                                    <Tags>
                                        <TagsList Count="0" />
                                    </Tags>
                                    <Properties Null="True" />
                                    <Snapshots Count="1">
                                        <KeyValuePair Key="GlobalRankByEmpire">
                                            <Value Name="GlobalRankByEmpire" IsReadOnly="False">
                                                <Tags>
                                                    <TagsList Count="0" />
                                                </Tags>
                                                <Properties Count="1">
                                                    <KeyValuePair Key="2" Value="0" />
                                                </Properties>
                                                <Snapshots Null="True" />
                                            </Value>
                                        </KeyValuePair>
                                    </Snapshots>
                                </Value>
                            </KeyValuePair>
                        </Snapshots>
                    </Value>
                </KeyValuePair>
            </Snapshots>
        </ActiveGameStatisticsRecording>
    </GameStatistics>
</Root>