﻿<?xml version="1.0" encoding="utf-8"?>
<Root>
    <GameSaveDescriptor Closed="False" SaveType="Default" IsOnCloud="False">
        <DateTime>05/04/2017 10:34:59</DateTime>
        <GameSaveSessionDescriptor>
            <SessionMode>Single</SessionMode>
            <LobbyData Count="66">
                <KeyValuePair Key="sessionname" Value="BEN's game" />
                <KeyValuePair Key="sessionmode" Value="Single" />
                <KeyValuePair Key="owner" Value="0" />
                <KeyValuePair Key="version" Value="12885753857" />
                <KeyValuePair Key="versionlabel" Value="BETA-QA" />
                <KeyValuePair Key="sbs" Value="0" />
                <KeyValuePair Key="allowcustomfactions" Value="True" />
                <KeyValuePair Key="competitorcount" Value="4" />
                <KeyValuePair Key="gamespeed" Value="Normal" />
                <KeyValuePair Key="gamedifficulty" Value="Normal" />
                <KeyValuePair Key="withrandomevents" Value="True" />
                <KeyValuePair Key="randomeventsrarity" Value="Normal" />
                <KeyValuePair Key="metaplotprobability" Value="True" />
                <KeyValuePair Key="multiplayerquestseventsprobability" Value="True" />
                <KeyValuePair Key="uniquerandom" Value="True" />
                <KeyValuePair Key="animationspeedmultiplier" Value="1" />
                <KeyValuePair Key="globaltimer" Value="False" />
                <KeyValuePair Key="endturntimerglobalduration" Value="14400" />
                <KeyValuePair Key="endturntimer" Value="False" />
                <KeyValuePair Key="allplayertimer" Value="False" />
                <KeyValuePair Key="endturntimerduration" Value="60" />
                <KeyValuePair Key="endturntimereraadditionalduration" Value="40" />
                <KeyValuePair Key="endturntimersystemadditionalduration" Value="10" />
                <KeyValuePair Key="overtimemode" Value="False" />
                <KeyValuePair Key="maxovertime" Value="180" />
                <KeyValuePair Key="lastplayertimer" Value="False" />
                <KeyValuePair Key="endturntimerlastplayerduration" Value="60" />
                <KeyValuePair Key="spacebattletimer" Value="False" />
                <KeyValuePair Key="spacebattletimerduration" Value="15" />
                <KeyValuePair Key="groundbattletimer" Value="False" />
                <KeyValuePair Key="groundbattletimerduration" Value="15" />
                <KeyValuePair Key="battleautostarttimer" Value="False" />
                <KeyValuePair Key="battleautostarttimerduration" Value="20" />
                <KeyValuePair Key="allowspacebattlerewatch" Value="True" />
                <KeyValuePair Key="score" Value="True" />
                <KeyValuePair Key="military" Value="True" />
                <KeyValuePair Key="supremacy" Value="True" />
                <KeyValuePair Key="conquest" Value="True" />
                <KeyValuePair Key="science" Value="True" />
                <KeyValuePair Key="economy" Value="True" />
                <KeyValuePair Key="wonder" Value="True" />
                <KeyValuePair Key="allowalliancevictory" Value="True" />
                <KeyValuePair Key="tutorialmode" Value="Beginner" />
                <KeyValuePair Key="galaxyshape" Value="Spiral2" />
                <KeyValuePair Key="galaxysize" Value="Normal" />
                <KeyValuePair Key="empirespawnmethod" Value="Standard" />
                <KeyValuePair Key="anomalyqualities" Value="Standard" />
                <KeyValuePair Key="galaxyage" Value="Normal" />
                <KeyValuePair Key="galaxydensity" Value="Medium" />
                <KeyValuePair Key="constellationquantity" Value="Several" />
                <KeyValuePair Key="resourcesabundance" Value="Normal" />
                <KeyValuePair Key="connectivitydensity" Value="Medium" />
                <KeyValuePair Key="anomalyabundance" Value="Normal" />
                <KeyValuePair Key="curiosityabundance" Value="Normal" />
                <KeyValuePair Key="specialnodesmultiplier" Value="Normal" />
                <KeyValuePair Key="starbasedplanetorder" Value="True" />
                <KeyValuePair Key="allowanomaliesonhomeplanet" Value="False" />
                <KeyValuePair Key="homesystemquality" Value="Normal" />
                <KeyValuePair Key="minorfactionsquantity" Value="Medium" />
                <KeyValuePair Key="minorfactionsdifficulty" Value="Easy" />
                <KeyValuePair Key="piratesenabled" Value="True" />
                <KeyValuePair Key="dumpingmethod" Value="Text" />
                <KeyValuePair Key="runtimehash" Value="5D7A120D23048E138191CF5C7351113E" />
                <KeyValuePair Key="runtimeconfiguration" Value="Endless Space 2" />
                <KeyValuePair Key="gamelaunchedonce" Value="True" />
                <KeyValuePair Key="TutorialMode" Value="Beginner" />
            </LobbyData>
            <UserPresence Count="4">
                <UserPresenceItem Count="0" />
                <UserPresenceItem Count="0" />
                <UserPresenceItem Count="0" />
                <UserPresenceItem Count="0" />
            </UserPresence>
            <LobbySlotDescriptors Count="4">
                <KeyValuePair Key="0">
                    <Value LobbySlot-Descriptor.Version="1" CustomUsername="" FactionDescription="" PopulationDescription="" FactionName="FactionTerransTutorial" ColorIndex="0" IsLocked="False" ReservedSteamID="76561198045201081" TeamIndex="0" OvertimeGameTimer="0" FactionShipsCustomSkin="" HeroShipsCustomSkin="" />
                </KeyValuePair>
                <KeyValuePair Key="1">
                    <Value LobbySlot-Descriptor.Version="1" CustomUsername="" FactionDescription="" PopulationDescription="" FactionName="FactionCravers" ColorIndex="1" IsLocked="False" ReservedSteamID="0" TeamIndex="1" OvertimeGameTimer="0" FactionShipsCustomSkin="" HeroShipsCustomSkin="" />
                </KeyValuePair>
                <KeyValuePair Key="2">
                    <Value LobbySlot-Descriptor.Version="1" CustomUsername="" FactionDescription="" PopulationDescription="" FactionName="FactionVampirilis" ColorIndex="2" IsLocked="False" ReservedSteamID="0" TeamIndex="2" OvertimeGameTimer="0" FactionShipsCustomSkin="" HeroShipsCustomSkin="" />
                </KeyValuePair>
                <KeyValuePair Key="3">
                    <Value LobbySlot-Descriptor.Version="1" CustomUsername="" FactionDescription="" PopulationDescription="" FactionName="FactionVenetians" ColorIndex="3" IsLocked="False" ReservedSteamID="0" TeamIndex="3" OvertimeGameTimer="0" FactionShipsCustomSkin="" HeroShipsCustomSkin="" />
                </KeyValuePair>
            </LobbySlotDescriptors>
        </GameSaveSessionDescriptor>
        <GUID>ee4517b1-1d7c-4509-8a2d-5baa69737a1e</GUID>
        <Reloads>3</Reloads>
        <RuntimeModules Count="1">
            <RuntimeModulesItem>Endless Space 2</RuntimeModulesItem>
        </RuntimeModules>
        <Title>Turn 1</Title>
        <Turn>0</Turn>
        <Version Accessibility="Internal" Label="BETA-QA" Major="0" Minor="3" Revision="13" Serial="5" />
    </GameSaveDescriptor>
</Root>